{
  "title": "experiments",
  "description": "",
  "variables": {
    "ExpValue": {
      "type": "string",
      "required": true,
      "input": "fromUrl"
    },
    "labExperimentsListSDP": {
      "type": "vb/ServiceDataProvider",
      "defaultValue": {
        "endpoint": "businessObjects/getall_LabExperiments",
        "keyAttributes": "expId",
        "itemsPath": "items",
        "responseType": "getallLabExperimentsResponse",
        "filterCriterion": {
          "op": "$or",
          "criteria": [
            {
              "op": "$co",
              "attribute": "expId",
              "value": "{{ $variables.ExpValue }}"
            },
            {
              "op": "$co",
              "attribute": "name",
              "value": "{{ $variables.ExpValue }}"
            }
          ]
        }
      }
    }
  },
  "metadata": {},
  "types": {
    "@decorators.getallLabExperimentsResponse": {
      "endpoint": "getall_LabExperiments",
      "service": "businessObjects",
      "path": "response"
    },
    "getallLabExperimentsResponse": {
      "items": [
        {
          "budget": "number",
          "complete": "number",
          "expId": "number",
          "name": "string",
          "owner": "number"
        }
      ]
    }
  },
  "eventListeners": {
    "buttonAction": {
      "chains": [
        {
          "chain": "ButtonActionChain"
        }
      ]
    },
    "toggleDrawer": {
      "chains": [
        {
          "chain": "application:toggleDrawerHandler"
        }
      ]
    },
    "txtExperimentValue": {
      "chains": [
        {
          "chain": "InputTextValueChangeChain",
          "parameters": {
            "value": "{{ $event.detail.value }}"
          }
        }
      ]
    }
  },
  "imports": {
    "components": {
      "oj-button": {
        "path": "ojs/ojbutton"
      },
      "oj-collapsible": {
        "path": "ojs/ojcollapsible"
      },
      "oj-input-text": {
        "path": "ojs/ojinputtext"
      },
      "oj-table": {
        "path": "ojs/ojtable"
      }
    }
  }
}