{
  "title": "Duke Labs Experiment",
  "description": "",
  "variables": {},
  "metadata": {},
  "types": {},
  "eventListeners": {
    "toggleDrawer": {
      "chains": [
        {
          "chain": "application:toggleDrawerHandler"
        }
      ]
    }
  },
  "imports": {
    "components": {
      "oj-button": {
        "path": "ojs/ojbutton"
      },
      "oj-collapsible": {
        "path": "ojs/ojcollapsible"
      },
      "oj-input-text": {
        "path": "ojs/ojinputtext"
      },
      "oj-input-time": {
        "path": "ojs/ojdatetimepicker"
      }
    }
  }
}