id,creationDate,lastUpdateDate,createdBy,lastUpdatedBy,name,countryCode,flag
1,2023-05-17T08:01:05.992,2023-05-17T08:01:05.992,99257944-ora017,99257944-ora017,Dukelabs,USA,https://flagcdn.com/w320/us.png
2,2023-05-17T08:01:05.993,2023-05-17T08:01:05.993,99257944-ora017,99257944-ora017,Sandstone Labs,USA,https://flagcdn.com/w320/us.png
3,2023-05-17T08:01:05.993,2023-05-17T08:01:05.993,99257944-ora017,99257944-ora017,Concerned Labs,CHE,https://flagcdn.com/w320/ch.png
4,2023-05-17T08:01:05.993,2023-05-17T08:01:05.993,99257944-ora017,99257944-ora017,Acme Labs,IND,https://flagcdn.com/w320/in.png
