{
    "fields": [
        {
            "type": "number",
            "name": "id",
            "internal": false,
            "key": true,
            "oid": "2057bb37-2220-4fab-8ddc-69db106ee978",
            "required": true,
            "unique": true,
            "displayLabel": "Id"
        },
        {
            "type": "datetime",
            "name": "creationDate",
            "internal": false,
            "oid": "fbd1825d-9d3c-466a-88b4-b553469f409a",
            "displayLabel": "Created",
            "historyType": "timeCreated"
        },
        {
            "type": "datetime",
            "name": "lastUpdateDate",
            "internal": false,
            "oid": "f9c16e35-4e1d-4108-8c73-e8dbd7f45ab8",
            "displayLabel": "Last Updated",
            "historyType": "timeUpdated"
        },
        {
            "type": "string",
            "name": "createdBy",
            "internal": false,
            "oid": "67915bd0-b656-4433-a94a-fab794352c4e",
            "displayLabel": "Created By",
            "historyType": "createdBy"
        },
        {
            "type": "string",
            "name": "lastUpdatedBy",
            "internal": false,
            "oid": "6c23884f-19d7-418d-a200-b7b36dd5a489",
            "displayLabel": "Last Updated By",
            "historyType": "updatedBy"
        },
        {
            "type": "number",
            "name": "versionNumber",
            "internal": false,
            "oid": "ecf388cc-7eb5-46fa-aca9-82c0983be4f6",
            "displayLabel": "Version Number",
            "historyType": "versionNumber"
        },
        {
            "type": "string",
            "name": "name",
            "oid": "88665ee5-c611-4d20-8965-47012802a835",
            "required": true,
            "displayLabel": "Name"
        },
        {
            "type": "string",
            "name": "countryCode",
            "oid": "ac75e5f2-012c-4f06-95cc-e5ffa533b22a",
            "displayLabel": "Country Code"
        },
{
            "type": "string",
            "name": "flag",
            "oid": "45f73031-3e92-4700-af72-2c2641262806",
            "displayLabel": "Flag"
        },
        {
            "type": "number",
            "aggregation": {
                "aggregationFunction": "COUNT",
                "aggregationPath": [
                    {
                        "entityId": "Staff",
                        "mappingFieldId": "labClientId"
                    }
                ]
            },
            "name": "scientistResearchCount",
            "oid": "906aa1d2-f49c-4998-95ca-010982ec1455",
            "displayLabel": "ScientistResearch Count"
        }        ,
        {
            "type": "number",
            "aggregation": {
                "aggregationFunction": "COUNT",
                "aggregationPath": [
                    {
                        "entityId": "Staff",
                        "mappingFieldId": "labClientId",
                        "condition": {
                            "fieldId": "lsRole",
                            "operator": "Equals",
                            "value": "S"
                        }
                    }
                ]
            },
            "name": "isScientistRoles",
            "oid": "c43e2d25-4b81-46cb-84f5-246c235cb5b5",
            "displayLabel": "isScientist roles"
        }
    ],
    "name": "LabClient",
    "oid": "d8502528-382e-49c9-952d-2f2addead08d",
    "displayLabel": "Lab Client",
    "relationships": [
        {
            "name": "labStaffCollection",
            "reverseRelationship": "labClientIdObject",
            "targetEntity": "Staff",
            "type": "incoming",
            "displayField": "name"
        }
    ]
}