{
    "openapi": "3.0.0",
    "info": {
        "title": "V2",
        "version": "1.0.0"
    },
    "servers": [
        {
            "url": "https://restcountries.com/v2",
            "description": "V2"
        }
    ],
    "paths": {
        "/all": {
            "get": {
                "operationId": "getAll",
                "responses": {
                    "default": {
                        "description": "Response for default",
                        "content": {
                            "application/json": {
                                "schema": {
                                    "$ref": "#/components/schemas/GetAll"
                                },
                                "examples": {
                                    "vb": {
                                        "summary": "Example stored by VB User",
                                        "externalValue": "./examples/getAll/response_default_application_json_vb.json"
                                    }
                                }
                            }
                        }
                    }
                },
                "x-vb": {
                    "actionHint": "getMany"
                }
            }
        }
    },
    "components": {
        "schemas": {
            "GetAll": {
                "type": "array",
                "items": {
                    "type": "object",
                    "properties": {
                        "name": {
                            "type": "string"
                        },
                        "topLevelDomain": {
                            "type": "array",
                            "items": {
                                "type": "string"
                            }
                        },
                        "alpha2Code": {
                            "type": "string"
                        },
                        "alpha3Code": {
                            "type": "string"
                        },
                        "callingCodes": {
                            "type": "array",
                            "items": {
                                "type": "string"
                            }
                        },
                        "capital": {
                            "type": "string"
                        },
                        "altSpellings": {
                            "type": "array",
                            "items": {
                                "type": "string"
                            }
                        },
                        "subregion": {
                            "type": "string"
                        },
                        "region": {
                            "type": "string"
                        },
                        "population": {
                            "type": "integer"
                        },
                        "latlng": {
                            "type": "array",
                            "items": {
                                "type": "integer"
                            }
                        },
                        "demonym": {
                            "type": "string"
                        },
                        "area": {
                            "type": "integer"
                        },
                        "timezones": {
                            "type": "array",
                            "items": {
                                "type": "string"
                            }
                        },
                        "borders": {
                            "type": "array",
                            "items": {
                                "type": "string"
                            }
                        },
                        "nativeName": {
                            "type": "string"
                        },
                        "numericCode": {
                            "type": "string"
                        },
                        "flags": {
                            "type": "object",
                            "properties": {
                                "svg": {
                                    "type": "string"
                                },
                                "png": {
                                    "type": "string"
                                }
                            }
                        },
                        "currencies": {
                            "type": "array",
                            "items": {
                                "type": "object",
                                "properties": {
                                    "code": {
                                        "type": "string"
                                    },
                                    "name": {
                                        "type": "string"
                                    },
                                    "symbol": {
                                        "type": "string"
                                    }
                                }
                            }
                        },
                        "languages": {
                            "type": "array",
                            "items": {
                                "type": "object",
                                "properties": {
                                    "iso639_1": {
                                        "type": "string"
                                    },
                                    "iso639_2": {
                                        "type": "string"
                                    },
                                    "name": {
                                        "type": "string"
                                    },
                                    "nativeName": {
                                        "type": "string"
                                    }
                                }
                            }
                        },
                        "translations": {
                            "type": "object",
                            "properties": {
                                "br": {
                                    "type": "string"
                                },
                                "pt": {
                                    "type": "string"
                                },
                                "nl": {
                                    "type": "string"
                                },
                                "hr": {
                                    "type": "string"
                                },
                                "fa": {
                                    "type": "string"
                                },
                                "de": {
                                    "type": "string"
                                },
                                "es": {
                                    "type": "string"
                                },
                                "fr": {
                                    "type": "string"
                                },
                                "ja": {
                                    "type": "string"
                                },
                                "it": {
                                    "type": "string"
                                },
                                "hu": {
                                    "type": "string"
                                }
                            }
                        },
                        "flag": {
                            "type": "string"
                        },
                        "regionalBlocs": {
                            "type": "array",
                            "items": {
                                "type": "object",
                                "properties": {
                                    "acronym": {
                                        "type": "string"
                                    },
                                    "name": {
                                        "type": "string"
                                    },
                                    "otherNames": {
                                        "type": "array",
                                        "items": {
                                            "type": "string"
                                        }
                                    },
                                    "otherAcronyms": {
                                        "type": "array",
                                        "items": {
                                            "type": "string"
                                        }
                                    }
                                }
                            }
                        },
                        "cioc": {
                            "type": "string"
                        },
                        "independent": {
                            "type": "boolean"
                        },
                        "gini": {
                            "type": "integer"
                        }
                    }
                }
            }
        }
    }
}