{
    "displayLabel": "ExpMeasurements",
    "name": "ExpMeasurements",
    "oid": "8e6723b4-6e3f-444e-bcfa-2fd3cdf95189",
    "fields": [
        {
            "displayLabel": "Id",
            "name": "id",
            "oid": "5cff33b5-0b11-4c0e-b62d-ea2cb5727c5d",
            "type": "number",
            "required": true
        },
        {
            "displayLabel": "Created",
            "historyType": "timeCreated",
            "name": "creationDate",
            "oid": "e757af2b-67cf-45d0-8700-afaa6d1924cf",
            "type": "datetime"
        },
        {
            "displayLabel": "Last Updated",
            "historyType": "timeUpdated",
            "name": "lastUpdateDate",
            "oid": "850f7a80-344a-4847-b518-f3291017a293",
            "type": "datetime"
        },
        {
            "displayLabel": "Created By",
            "historyType": "createdBy",
            "name": "createdBy",
            "oid": "efa9eac5-42b2-4f82-bc5e-9b260c4f818e",
            "type": "string"
        },
        {
            "displayLabel": "Last Updated By",
            "historyType": "updatedBy",
            "name": "lastUpdatedBy",
            "oid": "b3c1bf2c-9b28-4870-8577-d1f8c9872395",
            "type": "string"
        },
        {
            "displayLabel": "Version Number",
            "historyType": "versionNumber",
            "name": "versionNumber",
            "oid": "9fae0864-c366-4a4e-9ac5-d38248760f62",
            "type": "number"
        },
        {
            "displayLabel": "measure_id",
            "name": "measureId",
            "oid": "26b6b845-ef96-4b6c-b124-0a57b62c7555",
            "type": "number",
            "required": true,
            "internal": true,
            "key": true,
            "unique": true
        },
        {
            "displayLabel": "value",
            "name": "value",
            "scale": 3,
            "oid": "2a4489fc-fdcb-4494-b530-da42f3059aca",
            "type": "number",
            "required": true
        },
        {
            "displayLabel": "unit",
            "name": "unit",
            "oid": "e1fe77d8-94ea-4b2a-abbc-83ff91a36cdb",
            "type": "string",
            "required": true
        },
        {
            "displayLabel": "exp_id",
            "name": "expId",
            "oid": "b2c9102d-2df9-4464-b4a3-c19b69c378cd",
            "type": "number",
            "required": true
        },
        {
            "displayLabel": "start_time",
            "name": "startTime",
            "oid": "70f893f5-71d0-483e-8e6e-094205e52d7a",
            "type": "string",
            "required": true
        },
        {
            "displayLabel": "end_time",
            "name": "endTime",
            "oid": "2d111faf-13c9-4492-a502-632aba5dbdb5",
            "type": "string",
            "required": true
        },
        {
            "displayLabel": "lstaff_id",
            "name": "lstaffId",
            "oid": "c771752e-5eff-4030-b81d-559a148ab3e0",
            "type": "number",
            "required": true
        }
    ],
    "relationships": [
        {
            "name": "expIdObject",
            "reverseRelationship": "expMeasurementsCollection",
            "targetEntity": "LabExperiments",
            "type": "outgoing",
            "exposeAccessor": true,
            "mappingField": "expId",
            "deleteRule": "restrict"
        }        ,
        {
            "name": "lstaffIdObject",
            "reverseRelationship": "expMeasurementsCollection",
            "targetEntity": "Staff",
            "type": "outgoing",
            "exposeAccessor": true,
            "mappingField": "lstaffId",
            "deleteRule": "restrict"
        }
      ]
}