{
  "title": "try_experiment component",
  "description": "",
  "variables": {
    "labClientListSDP2": {
      "type": "vb/ServiceDataProvider",
      "defaultValue": {
        "endpoint": "businessObjects/getall_LabClient",
        "keyAttributes": "id",
        "itemsPath": "items",
        "responseType": "getallLabClientResponse2",
        "transformsContext": {
          "vb-textFilterAttributes": [
            "name"
          ]
        }
      }
    },
    "labExperimentsListSDP": {
      "type": "vb/ServiceDataProvider",
      "defaultValue": {
        "endpoint": "businessObjects/getall_LabExperiments",
        "keyAttributes": "expId",
        "itemsPath": "items",
        "responseType": "getallLabExperimentsResponse2",
        "filterCriterion": {
          "op": "$eq",
          "attribute": "labClient",
          "value": "{{ $variables.SelectedItemVariable }}"
        }
      }
    },
    "labExperimentsListSDP2": {
      "type": "vb/ServiceDataProvider",
      "defaultValue": {
        "endpoint": "businessObjects/getall_LabExperiments",
        "keyAttributes": "expId",
        "itemsPath": "items",
        "responseType": "getallLabExperimentsResponse3"
      }
    },
    "SelectedItemVariable": {
      "type": "string",
      "defaultValue": "1"
    }

  },
  "metadata": {},
  "types": {
    "@decorators.getallLabClientResponse": {
      "endpoint": "getall_LabClient",
      "service": "businessObjects",
      "path": "response"
    },
    "@decorators.getallLabClientResponse2": {
      "endpoint": "getall_LabClient",
      "service": "businessObjects",
      "path": "response"
    },
    "@decorators.getallLabExperimentsResponse": {
      "endpoint": "getall_LabExperiments",
      "service": "businessObjects",
      "path": "response"
    },
    "@decorators.getallLabExperimentsResponse2": {
      "endpoint": "getall_LabExperiments",
      "service": "businessObjects",
      "path": "response"
    },
    "@decorators.getallLabExperimentsResponse3": {
      "endpoint": "getall_LabExperiments",
      "service": "businessObjects",
      "path": "response"
    },
    "getallLabClientResponse": {
      "items": [
        {
          "name": "string"
        }
      ]
    },
    "getallLabClientResponse2": {
      "items": [
        {
          "id": "number",
          "name": "string"
        }
      ]
    },
    "getallLabExperimentsResponse": {
      "items": [
        {
          "budget": "number",
          "expId": "number",
          "labClient": "number",
          "owner": "number"
        }
      ]
    },
    "getallLabExperimentsResponse2": {
      "items": [
        {
          "budget": "number",
          "expId": "number",
          "labClient": "number",
          "name": "string",
          "owner": "number"
        }
      ]
    },
    "getallLabExperimentsResponse3": {
      "items": [
        {
          "budget": "number",
          "expId": "number",
          "name": "string"
        }
      ]
    }
  },
  "eventListeners": {
    "selectValueItem": {
      "chains": [
        {
          "chain": "SelectValueItemChangeChain1",
          "parameters": {
            "key": "{{$event.detail.value.key}}",
            "data": "{{$event.detail.value.data}}",
            "metadata": "{{$event.detail.value.metadata}}"
          }
        }
      ]
    },
    "toggleDrawer": {
      "chains": [
        {
          "chain": "application:toggleDrawerHandler"
        }
      ]
    }

  },
  "imports": {
    "components": {
      "oj-button": {
        "path": "ojs/ojbutton"
      },
      "oj-chart": {
        "path": "ojs/ojchart"
      },
      "oj-chart-item": {
        "path": "ojs/ojchart"
      },
      "oj-rating-gauge": {
        "path": "ojs/ojgauge"
      },
      "oj-select-single": {
        "path": "ojs/ojselectsingle"
      },
      "oj-status-meter-gauge": {
        "path": "ojs/ojgauge"
      },
      "oj-table": {
        "path": "ojs/ojtable"
      }

    }
  }
}