{
  "title": "contacts countries",
  "description": "",
  "variables": {
    "getAllListSDP": {
      "type": "vb/ServiceDataProvider",
      "defaultValue": {
        "endpoint": "countriesv2/getAll",
        "keyAttributes": "name",
        "itemsPath": "",
        "responseType": "getAllResponse"
      }
    }
  },
  "metadata": {},
  "types": {
    "@decorators.getAllResponse": {
      "endpoint": "getAll",
      "service": "countriesv2",
      "path": "response"
    },
    "getAllResponse": [
      {
        "alpha2Code": "string",
        "alpha3Code": "string",
        "capital": "string",
        "currencies": "object[]",
        "languages": "object[]",
        "name": "string"
      }
    ]
  },
  "eventListeners": {
    "toggleDrawer": {
      "chains": [
        {
          "chain": "application:toggleDrawerHandler"
        }
      ]
    }
  },
  "imports": {
    "components": {
      "oj-button": {
        "path": "ojs/ojbutton"
      },
      "oj-table": {
        "path": "ojs/ojtable"
      }
    }
  }
}