{
  "title": "contacts flow",
  "description": "",
  "variables": {
    "contactsListSDP": {
      "type": "vb/ServiceDataProvider",
      "defaultValue": {
        "endpoint": "crmRestApi2/getall_contacts",
        "keyAttributes": "PartyNumber",
        "itemsPath": "items",
        "responseType": "getallContactsResponse"
      }
    }
  },
  "metadata": {},
  "types": {
    "@decorators.getallContactsResponse": {
      "endpoint": "getall_contacts",
      "service": "crmRestApi2",
      "path": "response"
    },
    "getallContactsResponse": {
      "items": [
        {
          "AccountName": "string",
          "AccountPartyNumber": "string",
          "Address": {
            "count": "number",
            "hasMore": "boolean",
            "items": "object[]",
            "limit": "number",
            "links": "object[]",
            "offset": "number",
            "totalResults": "number"
          },
          "Country": "string",
          "PartyNumber": "string"
        }
      ]
    }
  },
  "eventListeners": {
    "toggleDrawer": {
      "chains": [
        {
          "chain": "application:toggleDrawerHandler"
        }
      ]
    }
  },
  "imports": {
    "components": {
      "oj-button": {
        "path": "ojs/ojbutton"
      },
      "oj-table": {
        "path": "ojs/ojtable"
      }
    }
  }
}