{
    "fieldValidators": [
        {
            "active": "active",
            "displayName": "BudgetLimit",
            "errorMessage": "Budget Should be greater than 99 USD",
            "functionBody": "budget > 100",
            "lastUpdate": "2023-05-18T05:39:11",
            "oid": "c87614ed-b69d-427e-b109-714bacc579e3",
            "scriptMimeType": "application/x-adf-groovy",
            "onField": "budget"
        }
      ],
    "objectFunctions": [],
    "objectValidators": [],
    "triggers": [],
    "fieldTriggers": []
}