{
    "displayLabel": "Lab Experiments",
    "name": "LabExperiments",
    "oid": "0ff6aac8-c01b-4de7-a700-908ab9349c0c",
    "fields": [
        {
            "displayLabel": "Id",
            "name": "id",
            "oid": "b077a84d-beda-442e-9ba0-b45d2483f5a2",
            "type": "number",
            "required": true
        },
        {
            "displayLabel": "Created",
            "historyType": "timeCreated",
            "name": "creationDate",
            "oid": "d24588fb-61ff-4365-b036-8aa47bb64dad",
            "type": "datetime"
        },
        {
            "displayLabel": "Last Updated",
            "historyType": "timeUpdated",
            "name": "lastUpdateDate",
            "oid": "0ef2d5c9-abef-41e0-ad6c-bdff153948b2",
            "type": "datetime"
        },
        {
            "displayLabel": "Created By",
            "historyType": "createdBy",
            "name": "createdBy",
            "oid": "39cf1e8e-7170-499e-b5b6-92c8254cd3d9",
            "type": "string"
        },
        {
            "displayLabel": "Last Updated By",
            "historyType": "updatedBy",
            "name": "lastUpdatedBy",
            "oid": "9768fe3d-bdc7-4f25-b741-760711a8337f",
            "type": "string"
        },
        {
            "displayLabel": "Version Number",
            "historyType": "versionNumber",
            "name": "versionNumber",
            "oid": "c5440889-77f6-418d-92f7-507149ea07f7",
            "type": "number"
        },
        {
            "displayLabel": "exp_id",
            "name": "expId",
            "oid": "bada1615-8782-4846-8f13-df776512e9c2",
            "type": "number",
            "required": true,
            "internal": true,
            "key": true,
            "unique": true
        },
        {
            "displayLabel": "name",
            "name": "name",
            "oid": "4e49795f-483e-4e4b-97da-22211680af7d",
            "type": "string",
            "required": true,
            "unique": true
        },
        {
            "displayLabel": "start_time",
            "name": "startTime",
            "oid": "6891cd68-fe36-4aac-a3a7-057f9a38bdb2",
            "type": "string",
            "required": true
        },
        {
            "displayLabel": "end_time",
            "name": "endTime",
            "oid": "598a46a9-da27-411a-87a1-f2ee068a4796",
            "type": "string",
            "required": false
        },
        {
            "displayLabel": "complete",
            "name": "complete",
            "oid": "bff134c4-566d-485d-af53-ea93116ea230",
            "type": "number",
            "required": true
        },
        {
            "displayLabel": "budget",
            "name": "budget",
            "scale": 2,
            "oid": "1e45d006-e486-42c4-952c-6f24417d1dea",
            "type": "number",
            "required": true
        },
        {
            "displayLabel": "lab_client",
            "name": "labClient",
            "oid": "4ba89af1-af48-4668-86e9-1eefbb22d6dc",
            "type": "number",
            "required": true
        },
        {
            "displayLabel": "owner",
            "name": "owner",
            "oid": "4d324015-c7f8-49db-897b-e79739e673d7",
            "type": "number",
            "required": true
        }
    ],
    "relationships": [
        {
            "name": "ownerObject",
            "reverseRelationship": "labExperimentsCollection",
            "targetEntity": "Staff",
            "type": "outgoing",
            "exposeAccessor": true,
            "mappingField": "owner",
            "deleteRule": "restrict"
        }        ,
        {
            "name": "expMeasurementsCollection",
            "reverseRelationship": "expIdObject",
            "targetEntity": "ExpMeasurements",
            "type": "incoming",
            "displayField": "name"
        }
      ],
    "validators": [
        {
            "definition": "budget > 100\n",
            "displayName": "BudgetLimit",
            "errorMessage": "Budget Should be greater than 99 USD",
            "name": "budget_Validation_Rule_0",
            "refId": "c87614ed-b69d-427e-b109-714bacc579e3",
            "onProperty": "budget"
        }
    ]
}