{
  "title": "try search flow usecase9",
  "description": "",
  "variables": {
    "labExperimentsListSDP": {
      "type": "vb/ServiceDataProvider",
      "defaultValue": {
        "endpoint": "businessObjects/getall_LabExperiments",
        "keyAttributes": "expId",
        "itemsPath": "items",
        "responseType": "getallLabExperimentsResponse",
        "transformsContext": {
          "vb-textFilterAttributes": [
            "expId"
          ]
        }
      }
    },
    "labExperimentsListSDP2": {
      "type": "vb/ServiceDataProvider",
      "defaultValue": {
        "endpoint": "businessObjects/getall_LabExperiments",
        "keyAttributes": "expId",
        "itemsPath": "items",
        "responseType": "getallLabExperimentsResponse2",
        "filterCriterion": {
          "op": "$eq",
          "attribute": "expId",
          "value": "{{ $variables.SelectedExpID }}"
        }
      }
    },
    "SelectedExpID": {
      "type": "string"
    },
    "SelectedRowFromTable": {
      "type": "get_LabExperiments"
    },
    "staffListSDP": {
      "type": "vb/ServiceDataProvider",
      "defaultValue": {
        "endpoint": "businessObjects/getall_Staff",
        "keyAttributes": "lstaffId",
        "itemsPath": "items",
        "responseType": "getallStaffResponse",
        "filterCriterion": {
          "op": "$eq",
          "attribute": "lstaffId",
          "value": "{{ $variables.SelectedRowFromTable.owner }}"
        }
      }
    }
  },
  "metadata": {},
  "types": {
    "@decorators.get_LabExperiments": {
      "endpoint": "get_LabExperiments",
      "service": "businessObjects",
      "path": "response"
    },
    "@decorators.getallLabExperimentsResponse": {
      "endpoint": "getall_LabExperiments",
      "service": "businessObjects",
      "path": "response"
    },
    "@decorators.getallLabExperimentsResponse2": {
      "endpoint": "getall_LabExperiments",
      "service": "businessObjects",
      "path": "response"
    },
    "@decorators.getallStaffResponse": {
      "endpoint": "getall_Staff",
      "service": "businessObjects",
      "path": "response"
    },
    "get_LabExperiments": {
      "expId": "number",
      "owner": "number"
    },
    "getallLabExperimentsResponse": {
      "items": [
        {
          "expId": "number"
        }
      ]
    },
    "getallLabExperimentsResponse2": {
      "items": [
        {
          "budget": "number",
          "expId": "number",
          "labClient": "number",
          "name": "string",
          "owner": "number"
        }
      ]
    },
    "getallStaffResponse": {
      "items": [
        {
          "fullName": "string",
          "lsRole": "string",
          "lstaffId": "number"
        }
      ]
    }
  },
  "eventListeners": {
    "selectValueItem": {
      "chains": [
        {
          "chain": "SelectValueItemChangeChain",
          "parameters": {
            "key": "{{$event.detail.value.key}}",
            "data": "{{$event.detail.value.data}}",
            "metadata": "{{$event.detail.value.metadata}}"
          }
        }
      ]
    },
    "tableFirstSelectedRow": {
      "chains": [
        {
          "chain": "TableFirstSelectedRowChangeChain",
          "parameters": {
            "rowKey": "{{$event.detail.value.key}}",
            "rowData": "{{$event.detail.value.data}}"
          }
        }
      ]
    },
    "toggleDrawer": {
      "chains": [
        {
          "chain": "application:toggleDrawerHandler"
        }
      ]
    }

  },
  "imports": {
    "components": {
      "oj-button": {
        "path": "ojs/ojbutton"
      },
      "oj-input-text": {
        "path": "ojs/ojinputtext"
      },
      "oj-select-single": {
        "path": "ojs/ojselectsingle"
      },
      "oj-table": {
        "path": "ojs/ojtable"
      }
    }
  }
}