id,creationDate,lastUpdateDate,createdBy,lastUpdatedBy,lstaffId,firstName,lastName,lsRole,imageUrl,labClientId
1.0,2023-05-17T07:33:59.515,2023-05-17T07:33:59.515,99257944-ora017,99257944-ora017,1000,Froderick,Fronkensteen,S,https://joestechland.com/wp-content/uploads/2022/02/Joe_Greenwald_Headshot.jpg,1
2.0,2023-05-17T07:33:59.548,2023-05-17T07:33:59.548,99257944-ora017,99257944-ora017,1001,Aygor,Brooks,LA,https://joestechland.com/wp-content/uploads/2022/01/Picture1.png,1
3.0,2023-05-17T07:33:59.549,2023-05-17T07:33:59.549,99257944-ora017,99257944-ora017,1002,Inga,Hays,LA,https://joestechland.com/wp-content/uploads/2022/01/shannen.png,1
4.0,2023-05-17T07:33:59.549,2023-05-17T07:33:59.549,99257944-ora017,99257944-ora017,1003,Hans,Delbrook,S,https://joestechland.com/wp-content/uploads/2022/01/mike.png,3
5.0,2023-05-17T07:33:59.549,2023-05-17T07:33:59.549,99257944-ora017,99257944-ora017,1004,Abby,Normal,S,https://joestechland.com/wp-content/uploads/2022/01/jie.png,2
6.0,2023-05-17T07:33:59.55,2023-05-17T07:33:59.55,99257944-ora017,99257944-ora017,1005,Theo,Brain,S,https://joestechland.com/wp-content/uploads/2022/01/steve.png,4
7.0,2023-05-17T07:33:59.55,2023-05-17T07:33:59.55,99257944-ora017,99257944-ora017,1006,Pinky,Paulsen,LA,https://joestechland.com/wp-content/uploads/2022/01/kurt.png,4
8.0,2023-05-17T07:33:59.551,2023-05-17T07:33:59.551,99257944-ora017,99257944-ora017,1007,Igor,Brooks,LA,https://joestechland.com/wp-content/uploads/2022/01/itzik.png,3
9.0,2023-05-17T07:33:59.551,2023-05-17T07:33:59.551,99257944-ora017,99257944-ora017,1008,Frau,Blucher,LA,https://joestechland.com/wp-content/uploads/2022/01/natasha.png,3
10.0,2023-05-17T07:33:59.551,2023-05-17T07:33:59.551,99257944-ora017,99257944-ora017,1009,Ren,Hoeck,S,https://joestechland.com/wp-content/uploads/2022/01/vek.png,2
11.0,2023-05-17T07:33:59.552,2023-05-17T07:33:59.552,99257944-ora017,99257944-ora017,1010,Simpson,JayCat,LA,https://joestechland.com/wp-content/uploads/2022/01/tnuru.png,2
12.0,2023-05-17T07:33:59.552,2023-05-17T07:33:59.552,99257944-ora017,99257944-ora017,1011,Tycho,Brahe,LA,https://joestechland.com/wp-content/uploads/2022/01/niranjan.png,1
13.0,2023-05-17T07:33:59.553,2023-05-17T07:33:59.553,99257944-ora017,99257944-ora017,1012,Ellen,Ripley,LA,https://joestechland.com/wp-content/uploads/2022/01/jie.png,4
