{
    "displayLabel": "Lab Staff",
    "name": "Staff",
    "oid": "a2c310e3-94d6-4e13-a7d8-9515e9494c8a",
    "fields": [
        {
            "displayLabel": "Id",
            "name": "id",
            "oid": "704a3c01-b5ec-404e-9ecc-f2ba894499d9",
            "type": "number",
            "required": true
        },
        {
            "displayLabel": "Created",
            "historyType": "timeCreated",
            "name": "creationDate",
            "oid": "98e2058b-9034-41cc-887e-d76b6ede36ff",
            "type": "datetime"
        },
        {
            "displayLabel": "Last Updated",
            "historyType": "timeUpdated",
            "name": "lastUpdateDate",
            "oid": "76b14162-3737-4ae9-b44a-456bfe91b73b",
            "type": "datetime"
        },
        {
            "displayLabel": "Created By",
            "historyType": "createdBy",
            "name": "createdBy",
            "oid": "5be1d11f-17a8-4a90-bbab-d377ab66e3e9",
            "type": "string"
        },
        {
            "displayLabel": "Last Updated By",
            "historyType": "updatedBy",
            "name": "lastUpdatedBy",
            "oid": "345a3e9d-deb8-4b29-881d-c7cc135d1c81",
            "type": "string"
        },
        {
            "displayLabel": "Version Number",
            "historyType": "versionNumber",
            "name": "versionNumber",
            "oid": "9ecac9ad-9279-470e-b1a2-13d60a00f2de",
            "type": "number"
        },
        {
            "displayLabel": "lstaff_id",
            "name": "lstaffId",
            "oid": "ef0f4810-e811-4c69-a6bd-59e92441eadf",
            "type": "number",
            "required": true,
            "internal": true,
            "key": true,
            "unique": true
        },
        {
            "displayLabel": "first_name",
            "name": "firstName",
            "oid": "d399ae33-203e-4d70-8691-efc44df91f4a",
            "type": "string",
            "required": true
        },
        {
            "displayLabel": "last_name",
            "name": "lastName",
            "oid": "802f7dd3-aad5-47a6-85c2-0cc7c45548f3",
            "type": "string",
            "required": true
        },
        {
            "displayLabel": "ls_role",
            "name": "lsRole",
            "oid": "89a68c37-22e5-440e-8934-aecad77f16ad",
            "type": "string",
            "required": true
        },
        {
            "displayLabel": "image_url",
            "name": "imageUrl",
            "oid": "3309d8a5-bb84-4e25-8e2e-09683cf32d47",
            "type": "string",
            "required": true
        },
{
            "displayLabel": "lab_client_id",
            "name": "labClientId",
            "oid": "49529633-74d2-461a-ac20-0036cd3c36d8",
            "type": "number",
            "required": true
        },
        {
            "type": "string",
            "formula": {
                "server": {
                    "type": "groovy",
                    "value": "upperCase(firstName+\">\"+lastName)"
                }
            },
            "name": "fullName",
            "oid": "55663708-3a8c-4dd8-894f-6e5555918527",
            "displayLabel": "Full name"
        }        ,
        {
            "type": "boolean",
            "formula": {
                "server": {
                    "type": "groovy",
                    "value": "def labClient=labClientIdObject\r\nlabClient.countryCode == \"USA\""
                }
            },
            "name": "isUSAStaff",
            "oid": "7aa8e430-52a1-4db0-b8e2-f2fceef8713b",
            "updatable": false,
            "displayLabel": "Is USA Staff"
        }
    ],
    "relationships": [
{
            "name": "labClientIdObject",
            "reverseRelationship": "labStaffCollection",
            "targetEntity": "LabClient",
            "type": "outgoing",
            "exposeAccessor": true,
            "mappingField": "labClientId",
            "deleteRule": "restrict"
        },
        {
            "name": "labExperimentsCollection",
            "reverseRelationship": "ownerObject",
            "targetEntity": "LabExperiments",
            "type": "incoming",
            "displayField": "lastName"
        }        ,
        {
            "name": "expMeasurementsCollection",
            "reverseRelationship": "lstaffIdObject",
            "targetEntity": "ExpMeasurements",
            "type": "incoming",
            "displayField": "lastName"
        }
      ]
}